{
	"/cruds/signup": {
        "GET": {
            "ctrl": "SignupCtrl",
            "method": "index"
        },
		"POST": {
			"ctrl": "SignupCtrl",
			"method": "signup_submit"
		}
    },
    "/cruds/user": {
        "GET": {
            "ctrl": "UserCtrl",
            "method": "index"
        }
    },
    "/cruds/logout": {
        "POST": {
            "ctrl": "AuthCtrl",
            "method": "logout"
        }
    },
    "/cruds/signin": {
        "GET": {
            "ctrl": "SigninCtrl",
            "method": "index"
        },
        "POST": {
            "ctrl": "SigninCtrl",
            "method": "signin_submit"
        }
    }
}